{
    "means": [
        0.3018082334593972,
        0.3010193373149182,
        0.3005034035560885,
        0.3011845232468777,
        0.2997463855570173,
        0.29988539894898736,
        0.2998046829184701
    ],
    "stds": [
        0.04392570150009248,
        0.025259849699823263,
        0.01795005868436037,
        0.01143969288079682,
        0.008005888093200767,
        0.006089754779355856,
        0.0032409997403909496
    ],
    "biases": [
        0.001808233459397235,
        0.0010193373149182117,
        0.0005034035560885219,
        0.0011845232468777334,
        -0.00025361444298266367,
        -0.00011460105101263052,
        -0.0001953170815298666
    ]
}