{
    "lambda_s": {
        "means": [
            0.30316704517250154,
            0.2970369092147339,
            0.29969259901642037,
            0.3008458246323061,
            0.3013188377107496,
            0.29968519301420565,
            0.29978057455144524
        ],
        "stds": [
            0.0451573673909374,
            0.03160974122752362,
            0.021703033769106508,
            0.01340376599756343,
            0.00961872906295962,
            0.006646752103505894,
            0.0038747057069077793
        ],
        "biases": [
            0.003167045172501548,
            -0.002963090785266076,
            -0.00030740098357961987,
            0.0008458246323060914,
            0.0013188377107495874,
            -0.00031480698579433586,
            -0.00021942544855474422
        ]
    },
    "N_evs": {
        "means": [
            199.63642479586358,
            502.30105694195214,
            1001.7821192895893,
            2501.72942071722,
            5001.322935124546,
            10005.44161852263,
            30012.341229791662
        ],
        "stds": [
            14.317693592565597,
            22.566201127846487,
            31.842051554483984,
            51.958819220972146,
            67.0677630430274,
            100.16257134999084,
            173.2221488453445
        ],
        "biases": [
            -0.3635752041364242,
            2.3010569419521403,
            1.7821192895893319,
            1.7294207172199094,
            1.3229351245463477,
            5.441618522629142,
            12.341229791662045
        ]
    }
}