{
    "f_signal": {
        "means": [
            0.6079625075089885,
            0.604790528682709,
            0.6029261765612375,
            0.603770258955787,
            0.600226159549766,
            0.6001969152279153,
            0.5997788045019156
        ],
        "stds": [
            0.07856299336689455,
            0.05000097431483714,
            0.03442789729276451,
            0.02386897451064914,
            0.015179954929519245,
            0.010976158499951682,
            0.0066231233499891885
        ],
        "biases": [
            0.007962507508988526,
            0.0047905286827090166,
            0.0029261765612375035,
            0.003770258955786976,
            0.00022615954976601405,
            0.00019691522791531746,
            -0.0002211954980844144
        ]
    },
    "mu": {
        "means": [
            3.0099134779853585,
            3.0057408375863943,
            3.001302001855706,
            3.0007453807711646,
            2.9994656242625553,
            3.000684783416982,
            3.000089951951175
        ],
        "stds": [
            0.07390180191694745,
            0.03784885571633445,
            0.025067377526611444,
            0.017669652394949192,
            0.012037626505006078,
            0.00837326024094151,
            0.004709214051439543
        ],
        "biases": [
            0.009913477985358465,
            0.005740837586394321,
            0.0013020018557061697,
            0.0007453807711645943,
            -0.0005343757374447478,
            0.0006847834169820821,
            8.995195117478261e-05
        ]
    },
    "sigma": {
        "means": [
            0.2924765824237979,
            0.29706925810604534,
            0.2967331418858948,
            0.2997820356176322,
            0.30160967165878005,
            0.2995172897004165,
            0.29993177626956097
        ],
        "stds": [
            0.07367155977152391,
            0.03514572411602409,
            0.024193874980350135,
            0.016136671604702443,
            0.011131263898319215,
            0.007125112551236583,
            0.004609506775670546
        ],
        "biases": [
            -0.007523417576202063,
            -0.002930741893954647,
            -0.003266858114105209,
            -0.0002179643823677635,
            0.0016096716587800652,
            -0.00048271029958346645,
            -6.822373043902097e-05
        ]
    },
    "beta": {
        "means": [
            1.0199440119006993,
            1.0081067154720793,
            0.995525192946661,
            1.006069052966313,
            1.0101791491417833,
            1.0003016072357855,
            0.9988835508470066
        ],
        "stds": [
            0.34201471378549647,
            0.20201301771540547,
            0.17044542416279074,
            0.12987551229152164,
            0.09850165262445112,
            0.07137520014539005,
            0.04314610207631935
        ],
        "biases": [
            0.019944011900699277,
            0.008106715472079307,
            -0.004474807053339025,
            0.006069052966312993,
            0.010179149141783306,
            0.0003016072357855393,
            -0.0011164491529933596
        ]
    },
    "m": {
        "means": [
            1.4645083392217102,
            1.4585335485352244,
            1.4850506965789052,
            1.4062779919368,
            1.4208195033965907,
            1.414405896992433,
            1.4109468835829275
        ],
        "stds": [
            0.45382598785638156,
            0.4234793159832411,
            0.4088011586743854,
            0.3383399098683167,
            0.27456077493345676,
            0.21687077294567378,
            0.12285614554864797
        ],
        "biases": [
            0.06450833922171029,
            0.05853354853522452,
            0.0850506965789053,
            0.00627799193680012,
            0.020819503396590777,
            0.014405896992432998,
            0.010946883582927613
        ]
    },
    "lambda_s": {
        "means": [
            0.3066707433627173,
            0.30062481428134274,
            0.3007822527671121,
            0.3009993322914525,
            0.30046222201675565,
            0.3000198352160106,
            0.30011561604264053
        ],
        "stds": [
            0.046587127431590936,
            0.031005207583313116,
            0.02145051047366863,
            0.013981337405184256,
            0.008908450375213737,
            0.0064769660255929885,
            0.003874353843681343
        ],
        "biases": [
            0.006670743362717335,
            0.000624814281342756,
            0.0007822527671121349,
            0.0009993322914524927,
            0.00046222201675566454,
            1.983521601062188e-05,
            0.00011561604264054282
        ]
    },
    "mu_b": {
        "means": [
            0.5958926483239668,
            0.4188310058455644,
            0.2637797447250991,
            0.19651635881996868,
            0.13154783553671248,
            0.08882301788733113,
            0.06770791805698789
        ],
        "stds": [
            0.6212836790361607,
            0.46682494200246116,
            0.35188047139576134,
            0.26988502918311663,
            0.18679235148081771,
            0.13883068132038903,
            0.09462468449663904
        ],
        "biases": [
            0.5958926483239668,
            0.4188310058455644,
            0.2637797447250991,
            0.19651635881996868,
            0.13154783553671248,
            0.08882301788733113,
            0.06770791805698789
        ]
    },
    "sigma_b": {
        "means": [
            2.15462401844385,
            2.2798061210367107,
            2.3812904916353537,
            2.4130479045948814,
            2.4462800504564615,
            2.457783509245211,
            2.474219326878107
        ],
        "stds": [
            0.4988532902915327,
            0.3036738002749447,
            0.22078384571075774,
            0.1541271278877145,
            0.10439675544305077,
            0.07682740654487655,
            0.04993737521999321
        ],
        "biases": [
            -0.3453759815561499,
            -0.22019387896328935,
            -0.11870950836464633,
            -0.08695209540511861,
            -0.05371994954353854,
            -0.04221649075478906,
            -0.025780673121893027
        ]
    },
    "N_evs": {
        "means": [
            199.72772784702818,
            499.1934317682536,
            1001.6001129895849,
            2504.5869211451377,
            5000.928049817015,
            9995.740821443522,
            29990.808768326446
        ],
        "stds": [
            14.859878811715028,
            22.5578559235855,
            32.388030772506866,
            46.370727862223994,
            71.51462116494902,
            102.09498066978227,
            172.3626536730548
        ],
        "biases": [
            -0.27227215297182283,
            -0.8065682317463825,
            1.6001129895848862,
            4.586921145137694,
            0.928049817014653,
            -4.2591785564782185,
            -9.191231673554284
        ]
    }
}